Cores,N_Points,K_Clusters,Dimensions,Time_Sec
1,50000,5,8,10986.986312
2,50000,5,8,4205.297965
4,50000,5,8,1943.170092
8,50000,5,8,728.331881
16,50000,5,8,407.920608
32,50000,5,8,317.248711
64,50000,5,8,127.502768
