Cores,N_Points,K_Clusters,Dimensions,Time_Sec
1,200000,5,6,558.223094
2,200000,5,6,345.548675
4,200000,5,6,184.308610
8,200000,5,6,92.813470
16,200000,5,6,29.806363
32,200000,5,6,20.160719
64,200000,5,6,9.461456
