Cores,N_Points,K_Clusters,Dimensions,Time_Sec
1,50000,10,6,297.907482
2,50000,10,6,111.658591
4,50000,10,6,57.078892
8,50000,10,6,28.638228
16,50000,10,6,15.042321
32,50000,10,6,10.305642
64,50000,10,6,8.497379
