Cores,N_Points,K_Clusters,Dimensions,Time_Sec
1,51200,5,6,134.356532
2,51200,5,6,67.703463
4,51200,5,6,34.669478
8,51200,5,6,11.956790
16,51200,5,6,9.781661
32,51200,5,6,3.489052
64,51200,5,6,5.397544
