Cores,N_Points,K_Clusters,Dimensions,Time_Sec
1,50000,10,6,268.560453
2,50000,10,6,131.452927
4,50000,10,6,59.652222
8,50000,10,6,29.158917
16,50000,10,6,14.496976
32,50000,10,6,8.783456
64,50000,10,6,3.851319
