Cores,N_Points,K_Clusters,Dimensions,Time_Sec
1,300000,5,6,774.325499
2,300000,5,6,363.860814
4,300000,5,6,232.384400
8,300000,5,6,110.738397
16,300000,5,6,45.083792
32,300000,5,6,27.736388
64,300000,5,6,14.693125
