Cores,N_Points,K_Clusters,Dimensions,Time_Sec
1,50000,15,6,608.117993
2,50000,15,6,333.746217
4,50000,15,6,174.790541
8,50000,15,6,78.029672
16,50000,15,6,46.546096
32,50000,15,6,22.292779
64,50000,15,6,22.442950
