Cores,N_Points,K_Clusters,Dimensions,Time_Sec
1,50000,5,7,1158.802639
2,50000,5,7,517.418280
4,50000,5,7,398.334304
8,50000,5,7,149.004451
16,50000,5,7,103.438747
32,50000,5,7,49.818515
64,50000,5,7,49.823258
