Cores,N_Points,K_Clusters,Dimensions,Time_Sec
1,50000,5,7,501.476121
2,50000,5,7,1267.733795
4,50000,5,7,671.089551
8,50000,5,7,616.027061
16,50000,5,7,246.153041
32,50000,5,7,128.706565
64,50000,5,7,70.737184