Cores,N_Points,K_Clusters,Dimensions,Time_Sec
1,50000,10,6,263.562489
2,50000,10,6,196.062282
4,50000,10,6,198.472550
8,50000,10,6,80.947526
16,50000,10,6,48.275987
32,50000,10,6,25.736044
64,50000,10,6,13.654974