Cores,N_Points,K_Clusters,Dimensions,Time_Sec
1,500000,5,6,721.739895
2,500000,5,6,1688.871354
4,500000,5,6,934.248023
8,500000,5,6,432.776970
16,500000,5,6,350.480126
32,500000,5,6,147.461002
64,500000,5,6,87.995681