Cores,N_Points,K_Clusters,Dimensions,Time_Sec
1,50000,15,6,394.884083
2,50000,15,6,531.437901
4,50000,15,6,422.708722
8,50000,15,6,216.764848
16,50000,15,6,156.488262
32,50000,15,6,80.989871
64,50000,15,6,48.824062