Cores,N_Points,K_Clusters,Dimensions,Time_Sec
1,200000,5,6,252.292606
2,200000,5,6,598.264073
4,200000,5,6,504.302123
8,200000,5,6,215.724201
16,200000,5,6,105.415092
32,200000,5,6,79.648953
64,200000,5,6,39.649456