Cores,N_Points,K_Clusters,Dimensions,Time_Sec
1,51200,5,6,48.159084
2,51200,5,6,105.299504
4,51200,5,6,103.911437
8,51200,5,6,50.484379
16,51200,5,6,26.190567
32,51200,5,6,15.136999
64,51200,5,6,9.018423