Cores,N_Points,K_Clusters,Dimensions,Time_Sec
1,50000,5,8,3466.550101
2,50000,5,8,7103.882450
4,50000,5,8,3612.459012
8,50000,5,8,2289.102345
16,50000,5,8,1105.776109
32,50000,5,8,550.231980
64,50000,5,8,295.448261