Cores,N_Points,K_Clusters,Dimensions,Time_Sec
1,300000,5,6,324.662979
2,300000,5,6,821.558861
4,300000,5,6,587.554432
8,300000,5,6,275.956341
16,300000,5,6,163.680388
32,300000,5,6,103.970494
64,300000,5,6,51.895187