Cores,N_Points,K_Clusters,Dimensions,Time_Sec
1,500000,5,6,1023.032259
2,500000,5,6,672.405203
4,500000,5,6,470.073402
8,500000,5,6,176.264721
16,500000,5,6,83.071745
32,500000,5,6,43.716147
64,500000,5,6,21.107876
