Cores,N_Points,K_Clusters,Dimensions,Time_Sec
1,51200,5,6,137.143526
2,51200,5,6,45.800930
4,51200,5,6,23.164411
8,51200,5,6,21.832030
16,51200,5,6,9.098709
32,51200,5,6,4.355752
64,51200,5,6,5.565752
