Cores,N_Points,K_Clusters,Dimensions,Time_Sec
1,50000,3,4,7.679486
2,50000,3,4,3.350473
4,50000,3,4,3.608302
8,50000,3,4,1.592322
16,50000,3,4,0.518725
32,50000,3,4,0.291760
64,50000,3,4,0.259504
