Threads,N_Points,K_Clusters,Dimensions,Time_Sec
1,200000,5,6,4.990911
1,200000,5,6,4.250473
2,200000,5,6,5.124406
4,200000,5,6,4.452411
8,200000,5,6,1.770027
16,200000,5,6,1.398778
32,200000,5,6,0.759761
64,200000,5,6,0.423795
